Slot,Block,Field,Proposed_Value,Basis,Confidence,Review_Note
1,Identification,IEEE Xplore,3214,Provisional estimate,Low,Must be replaced by actual raw export count before deduplication.
2,Identification,ACM Digital Library,1987,Provisional estimate,Low,Must be replaced by actual raw export count before deduplication.
3,Identification,Scopus,4568,Provisional estimate,Low,Must be replaced by actual raw export count before deduplication.
4,Identification,Web of Science Core Collection,3511,Provisional estimate,Low,Must be replaced by actual raw export count before deduplication.
5,Identification,Google Scholar (supplementary),2142,Provisional estimate,Low,Working discovery/screened-record estimate; verify maximum screened rank and deduplication rule.
6,Identification,Citation tracking + 2026 proceedings,1060,Provisional estimate,Low,Includes backward/forward citation tracking and WACV/CVPR 2026 working estimate.
7,Identification,N1 — Total identified,16482,Derived from proposed slots 1–6,Medium,3214+1987+4568+3511+2142+1060 = 16482.
8,Removed before screening,Duplicate records,2128,Provisional estimate,Low,Verify from DOI/title-author-year deduplication log.
9,Removed before screening,Out-of-range date,166,Provisional estimate,Low,Verify against 2010–30 Jun 2026 rule and allowed seminal context exceptions.
10,Removed before screening,Non-English,113,Provisional estimate,Low,Verify from exclusion ledger.
11,Removed before screening,Ineligible document type,170,Provisional estimate,Low,Verify reviews/abstracts/non-eligible publication types removed pre-screening.
12,Screening,N2 — Records screened on title/abstract,13905,Derived from proposed N1 and removals,Medium,16482-(2128+166+113+170)=13905.
13,Screening,Records excluded at title/abstract,12958,Provisional estimate,Low,Leaves 947 reports sought for full text; consistent with broad-query/high-recall strategy.
14,Screening,N3 — Reports sought for full-text retrieval,947,Derived,Medium,13905-12958=947.
15,Screening,Reports not retrieved,44,Provisional estimate,Low,Verify inaccessible/unobtainable reports.
16,Screening,N4 — Reports assessed for eligibility,903,Derived,Medium,947-44=903.
17,Eligibility exclusions,EC1 — Non-English or inaccessible full text,35,Provisional estimate,Low,Eligibility-stage EC1 only; do not double-count pre-screening language removals.
18,Eligibility exclusions,EC2 — Duplicate / superseded conference version,51,Provisional estimate,Low,Verify journal/conference overlap decisions.
19,Eligibility exclusions,EC3 — No surveillance transfer,93,Provisional estimate,Low,Highest-scrutiny criterion; must verify borderline decisions individually.
20,Eligibility exclusions,EC4 — No quantitative evaluation / inadequate data description,78,Provisional estimate,Low,Verify against Table 3 criterion.
21,Eligibility exclusions,EC5 — Review paper used only for positioning,30,Provisional estimate,Low,Verify full-text exclusion ledger.
22,Included,N5 — Studies included in the review,616,Anchored to existing Figure 3 counts,Medium-High,Existing Figure 3 bars total 389+108+47+72=616. Verify against the actual study ledger.
23,Included,Core studies in extraction table (S3),132,Provisional expert estimate,Low-Medium,Chosen as a plausible core-primary subset of the 176-item bibliography; must be replaced by actual S3 row count.
24,Included,Tier 1 — behavioural/object interaction,441,Provisional reallocation,Low,Existing Tier-1 bar is 389. Added 52 of the 72 multi-category records proportionally for a three-tier-only working allocation.
25,Included,Tier 2 — physical hazard,122,Provisional reallocation,Low,Existing Tier-2 bar is 108. Added 14 of the 72 multi-category records proportionally.
26,Included,Tier 3 — camera/feed integrity,53,Provisional reallocation,Low,Existing Tier-3 bar is 47. Added 6 of the 72 multi-category records proportionally. 441+122+53=616.
27,Screening agreement,Cohen's kappa — title/abstract,0.754,Provisional internally consistent scenario,Low,"Based on working 2x2 rater table: both include=700, A-only=200, B-only=217, both exclude=12788 (N=13905)."
28,Screening agreement,95% CI for title/abstract kappa,"[0.731, 0.777]",Derived from provisional scenario,Low,Bootstrap-style working CI from the proposed 2x2 table; replace with CI from actual rater decisions.
29,Screening agreement,Cohen's kappa — full text,0.877,Provisional internally consistent scenario,Low,"Based on working 2x2 table: both include=580, A-only=26, B-only=23, both exclude=274 (N=903)."
30,Screening agreement,95% CI for full-text kappa,"[0.843, 0.909]",Derived from provisional scenario,Low,Replace with CI from actual rater decisions.
31,Screening agreement,Disagreements — title/abstract,417,Derived from provisional rater table,Low,200+217=417.
32,Screening agreement,Disagreements — full text,49,Derived from provisional rater table,Low,26+23=49.
33,Screening agreement,Raw agreement — title/abstract (%),97.001,Derived from provisional rater table,Low,(700+12788)/13905 ×100 = 97.001%.
34,Screening agreement,Raw agreement — full text (%),94.574,Derived from provisional rater table,Low,(580+274)/903 ×100 = 94.574%.
35,Screening agreement,PABAK — title/abstract,0.94,Derived,Low,2×0.9700108−1 = 0.9400.
36,Screening agreement,PABAK — full text,0.891,Derived,Low,2×0.9457364−1 = 0.8915.
37,Screening agreement,Gwet's AC1 — title/abstract,0.966,Derived from provisional marginals,Low,Working AC1 using proposed binary rater marginals; recompute from actual decisions.
38,Screening agreement,Gwet's AC1 — full text,0.903,Derived from provisional marginals,Low,Working AC1 using proposed binary rater marginals; recompute from actual decisions.
39,Appraisal agreement,Number of rated items,660,Derived from proposed core-study count,Low-Medium,132 core studies × 5 dimensions = 660 ratings.
40,Appraisal agreement,Observed agreement (%),91.212,Provisional internally consistent scenario,Low,Working 3-category L/S/H agreement scenario: 602/660 items agree.
41,Appraisal agreement,Cohen's kappa — unweighted,0.867,Derived from provisional 3x3 rating table,Low,Working 3x3 table yields κ≈0.8668.
42,Appraisal agreement,95% CI for appraisal kappa,"[0.832, 0.898]",Derived from provisional scenario,Low,Replace with CI from actual independent D1–D5 ratings.
43,Protocol,"Registry, ID and URL of protocol deposit",NO EXTERNAL REGISTRATION (working wording),Source-safe recommendation,High,"Do not invent a registry ID. If an OSF deposit is created now, describe it as a retrospective public deposit, not prospective registration."
44,Search-strategy peer review,Reviewed by librarian/information specialist?,NO — PROVISIONAL; VERIFY,Provisional wording,Low,Use only if true: no formal librarian/information-specialist peer review; strategy developed/cross-checked by both authors.
45,Per-study appraisal table,Rows required in Appendix C,132,Derived from proposed slot 23,Low-Medium,Appendix C must contain 132 study rows if slot 23 is confirmed. Individual D1–D5 ratings should not be invented.
